model,test_loss,test_perplexity,rhythm_diversity,repetition_ratio,pitch_entropy
Transformer,1.9998687357552307,7.388086243717315,0.1894011038859283,0.8450097847358121,1.8757966249132654
